1372636896620000360	1372636896	41.146137	-8.617599
1372636896620000360	1372636911	41.14593	-8.617581
1372636896620000360	1372636926	41.145075	-8.617383
1372636896620000360	1372636941	41.145021	-8.61651
1372636896620000360	1372636956	41.145696	-8.615466
1372636896620000360	1372636971	41.146866	-8.615232
1372636896620000360	1372636986	41.146983	-8.615196
1372636896620000360	1372637001	41.146992	-8.615187
1372636896620000360	1372637016	41.147271	-8.61561
1372636896620000360	1372637031	41.147217	-8.61624
1372636896620000360	1372637046	41.147244	-8.617338
1372636896620000360	1372637061	41.147757	-8.618049
1372636896620000360	1372637076	41.148603	-8.618931
1372636896620000360	1372637091	41.147883	-8.61993
1372636896620000360	1372637106	41.147487	-8.621379
1372636896620000360	1372637121	41.148108	-8.623944
1372636896620000360	1372637136	41.148585	-8.625096
1372636896620000360	1372637151	41.149782	-8.625699
1372636896620000360	1372637166	41.15187	-8.626014
1372636896620000360	1372637181	41.154147	-8.626644
1372636896620000360	1372637196	41.155983	-8.627697
1372636896620000360	1372637211	41.156532	-8.628579
1372636896620000360	1372637226	41.147802	-8.610723
1372636896620000360	1372637241	41.147919	-8.611722
1372636896620000360	1372637256	41.158044	-8.627976
1372636896620000360	1372637271	41.159223	-8.628804
1372636896620000360	1372637286	41.16096	-8.628264
1372636896620000360	1372637301	41.163057	-8.627598
1372636896620000360	1372637316	41.164416	-8.627211
1372636896620000360	1372637331	41.16483	-8.627832
1372636896620000360	1372637346	41.165064	-8.629776
1372636896620000360	1372637361	41.164731	-8.631567
1372636896620000360	1372637376	41.164767	-8.63163
1372636896620000360	1372637391	41.164668	-8.631873
1372636896620000360	1372637406	41.163759	-8.633718
1372636896620000360	1372637421	41.164119	-8.635743
1372636896620000360	1372637436	41.164668	-8.637912
1372636896620000360	1372637451	41.165307	-8.639271
1372636896620000360	1372637466	41.165973	-8.640252
1372636896620000360	1372637481	41.166027	-8.638803
1372636896620000360	1372637496	41.167197	-8.638425
1372636896620000360	1372637511	41.168637	-8.636499
1372636896620000360	1372637526	41.169141	-8.636625
1372636956620000167	1372636956	41.15439	-8.613297
1372636956620000167	1372636971	41.153877	-8.613306
1372636956620000167	1372636986	41.153841	-8.613261
1372636956620000167	1372637001	41.153922	-8.6121
1372636956620000167	1372637016	41.155119	-8.612181
1372636956620000167	1372637031	41.155218	-8.613135
1372636956620000167	1372637046	41.155416	-8.614071
1372636956620000167	1372637061	41.155839	-8.616519
1372636956620000167	1372637076	41.156028	-8.617887
1372636956620000167	1372637091	41.156064	-8.617878
1372636956620000167	1372637106	41.156127	-8.618247
1372636956620000167	1372637121	41.156334	-8.619831
1372636956620000167	1372637136	41.156541	-8.621415
1372636956620000167	1372637151	41.156973	-8.623449
1372636956620000167	1372637166	41.157342	-8.625501
1372636956620000167	1372637181	41.157666	-8.627499
1372636956620000167	1372637196	41.158305	-8.628219
1372636956620000167	1372637211	41.158728	-8.629668
1372636956620000167	1372637226	41.157864	-8.630334
1372636956620000167	1372637241	41.156973	-8.629515
1372636956620000167	1372637256	41.155659	-8.629821
1372636956620000167	1372637271	41.154561	-8.630919
1372636956620000167	1372637286	41.153463	-8.63235
1372636956620000167	1372637301	41.152761	-8.632584
1372636956620000167	1372637316	41.152473	-8.634222
1372636956620000167	1372637331	41.152491	-8.636112
1372636956620000167	1372637346	41.152707	-8.637102
1372636956620000167	1372637361	41.152878	-8.637777
1372636956620000167	1372637376	41.153364	-8.63991
1372636956620000167	1372637391	41.153985	-8.642043
1372636956620000167	1372637406	41.154489	-8.644131
1372636956620000167	1372637421	41.154363	-8.645607
1372637247620000067	1372637247	41.160969	-8.628858
1372637247620000067	1372637262	41.160942	-8.628534
1372637247620000067	1372637277	41.159844	-8.628705
1372637247620000067	1372637292	41.158764	-8.629686
1372637247620000067	1372637307	41.157216	-8.630028
1372637247620000067	1372637322	41.156964	-8.628813
1372637247620000067	1372637337	41.157216	-8.628273
1372637247620000067	1372637352	41.157234	-8.626473
1372637247620000067	1372637367	41.156631	-8.624979
1372637247620000067	1372637382	41.155479	-8.624826
1372637247620000067	1372637397	41.155803	-8.622522
1372637247620000067	1372637412	41.155443	-8.620425
1372637247620000067	1372637427	41.155056	-8.617914
1372637247620000067	1372637442	41.154534	-8.615043
1372637247620000067	1372637457	41.154237	-8.613486
1372637247620000067	1372637472	41.154228	-8.613414
1372637247620000067	1372637487	41.153841	-8.613324
1372637247620000067	1372637502	41.153607	-8.612082
1372637247620000067	1372637517	41.15259	-8.61138
1372637247620000067	1372637532	41.151906	-8.6103
1372637247620000067	1372637547	41.151906	-8.610318
1372637247620000067	1372637562	41.151141	-8.610741
1372637247620000067	1372637577	41.149413	-8.6112
1372637247620000067	1372637592	41.147865	-8.611344
1372637247620000067	1372637607	41.147775	-8.611344
1372637423620000341	1372637423	41.14458	-8.606493
1372637423620000341	1372637438	41.144814	-8.606943
1372637423620000341	1372637453	41.14548	-8.60742
1372637423620000341	1372637468	41.146128	-8.607087
1372637423620000341	1372637483	41.146812	-8.606808
1372637423620000341	1372637498	41.146956	-8.606889
1372637423620000341	1372637513	41.147136	-8.607537
1372637423620000341	1372637528	41.147379	-8.608536
1372637423620000341	1372637543	41.147613	-8.609472
1372637423620000341	1372637558	41.147811	-8.610633
1372637423620000341	1372637573	41.148009	-8.612136
1372637423620000341	1372637588	41.147568	-8.621127
1372637423620000341	1372637603	41.147829	-8.622711
1372637423620000341	1372637618	41.148531	-8.624817
1372637423620000341	1372637633	41.149971	-8.625744
1372637423620000341	1372637648	41.152095	-8.626041
1372637423620000341	1372637663	41.154165	-8.626644
1372637423620000341	1372637678	41.154381	-8.626707
1372637423620000341	1372637693	41.154408	-8.626725
1372637423620000341	1372637708	41.155452	-8.627274
1372637423620000341	1372637723	41.156829	-8.628417
1372637423620000341	1372637738	41.156811	-8.628534
1372637423620000341	1372637753	41.156802	-8.628588
1372637423620000341	1372637768	41.156928	-8.628588
1372637423620000341	1372637783	41.157657	-8.628021
1372637423620000341	1372637798	41.157873	-8.62794
1372637423620000341	1372637813	41.159007	-8.628903
1372637423620000341	1372637828	41.160933	-8.628291
1372637423620000341	1372637843	41.163012	-8.627625
1372637423620000341	1372637858	41.163399	-8.627508
1372637423620000341	1372637873	41.164389	-8.627247
1372637423620000341	1372637888	41.164524	-8.627211
1372637423620000341	1372637903	41.164974	-8.628705
1372637423620000341	1372637918	41.164677	-8.631792
1372637423620000341	1372637933	41.163669	-8.633925
1372637423620000341	1372637948	41.164407	-8.636742
1372637423620000341	1372637963	41.165145	-8.639622
1372637423620000341	1372637978	41.167224	-8.642142
1372637423620000341	1372637993	41.169654	-8.645049
1372637423620000341	1372638008	41.171994	-8.647857
1372637423620000341	1372638023	41.174037	-8.650395
1372637423620000341	1372638038	41.175837	-8.6526
1372637423620000341	1372638053	41.17761	-8.654607
1372637423620000341	1372638068	41.178555	-8.65377
1372637423620000341	1372638083	41.179932	-8.652609
1372637423620000341	1372638098	41.182317	-8.653122
1372637423620000341	1372638113	41.183541	-8.653212
1372637423620000341	1372638128	41.185341	-8.653797
1372637423620000341	1372638143	41.185764	-8.652753
1372637423620000341	1372638158	41.186511	-8.652456
1372637610620000497	1372637610	41.164857	-8.585145
1372637610620000497	1372637625	41.164704	-8.584146
1372637610620000497	1372637640	41.164758	-8.583147
1372637610620000497	1372637655	41.157954	-8.627931
1372637610620000497	1372637670	41.159106	-8.628813
1372637610620000497	1372637685	41.160978	-8.628264
1372637610620000497	1372637700	41.163057	-8.627589
1372637610620000497	1372637715	41.1633	-8.627508
1372637610620000497	1372637730	41.1633	-8.627517
1372637610620000497	1372637745	41.164407	-8.627184
1372637610620000497	1372637760	41.164947	-8.628759
1372637610620000497	1372637775	41.164893	-8.63127
1372637610620000497	1372637790	41.163759	-8.633736
1372637610620000497	1372637805	41.164254	-8.63613
1372637610620000497	1372637820	41.164272	-8.63613
1372637610620000497	1372637835	41.16474	-8.638209
1372637610620000497	1372637850	41.165658	-8.640144
1372637610620000497	1372637865	41.16726	-8.642079
1372637610620000497	1372637880	41.168907	-8.643915
1372637610620000497	1372637895	41.172093	-8.606169
1372637610620000497	1372637910	41.174352	-8.610615
1372637610620000497	1372637925	41.170365	-8.642412
1372637610620000497	1372637940	41.17041	-8.643042
1372637610620000497	1372637955	41.169546	-8.644041
1372637610620000497	1372637970	41.169042	-8.645868
1372637610620000497	1372637985	41.170482	-8.647686
1372637610620000497	1372638000	41.169879	-8.649207
1372637610620000497	1372638015	41.16924	-8.648784
1372637610620000497	1372638030	41.169384	-8.648064
1372637610620000497	1372638045	41.16942	-8.647992
1372637610620000497	1372638060	41.169402	-8.647992
1372637610620000497	1372638075	41.169393	-8.647983
1372637610620000497	1372638090	41.169393	-8.647974
1372637610620000497	1372638105	41.169393	-8.647983
1372637610620000497	1372638120	41.169393	-8.647983
1372637610620000497	1372638135	41.169393	-8.647983
1372637610620000497	1372638150	41.169393	-8.647983
1372637610620000497	1372638165	41.169393	-8.647974
1372637610620000497	1372638180	41.169402	-8.647974
1372637610620000497	1372638195	41.169411	-8.647983
1372637610620000497	1372638210	41.169411	-8.647983
1372637610620000497	1372638225	41.169411	-8.647983
1372637610620000497	1372638240	41.169411	-8.647983
1372637610620000497	1372638255	41.16942	-8.647974
1372637610620000497	1372638270	41.169429	-8.647965
1372637610620000497	1372638285	41.169402	-8.647965
1372637610620000497	1372638300	41.169537	-8.648019
1372637610620000497	1372638315	41.169555	-8.64918
1372637610620000497	1372638330	41.170509	-8.648199
1372637610620000497	1372638345	41.169708	-8.646732
1372637610620000497	1372638360	41.169519	-8.645418
1372637610620000497	1372638375	41.168286	-8.643618
1372637610620000497	1372638390	41.166306	-8.641152
1372637610620000497	1372638405	41.164695	-8.638866
1372637610620000497	1372638420	41.164209	-8.636139
1372637610620000497	1372638435	41.162976	-8.633286
1372637610620000497	1372638450	41.162049	-8.632593
1372637610620000497	1372638465	41.160069	-8.631009
1372637610620000497	1372638480	41.15826	-8.630145
1372637610620000497	1372638495	41.156955	-8.629299
1372637610620000497	1372638510	41.157261	-8.628138
1372637610620000497	1372638525	41.157405	-8.628138
1372637610620000497	1372638540	41.157522	-8.628165
1372637610620000497	1372638555	41.157522	-8.628147
1372637721620000678	1372637721	41.148603	-8.585631
1372637721620000678	1372637736	41.148927	-8.585667
1372637721620000678	1372637751	41.148972	-8.586441
1372637721620000678	1372637766	41.148306	-8.58618
1372637721620000678	1372637781	41.147208	-8.586909
1372637721620000678	1372637796	41.146191	-8.584146
1372637721620000678	1372637811	41.144805	-8.581707
1372637721620000678	1372637826	41.145894	-8.579124
1372637721620000678	1372637841	41.147172	-8.580141
1372637721620000678	1372637856	41.150106	-8.578782
1372637721620000678	1372637871	41.153346	-8.581644
1372637721620000678	1372637886	41.157441	-8.582967
1372637721620000678	1372637901	41.162121	-8.581122
1372637721620000678	1372637916	41.166036	-8.582985
1372637721620000678	1372637931	41.167728	-8.588061
1372637721620000678	1372637946	41.170905	-8.5932
1372637721620000678	1372637961	41.171634	-8.597961
1372637721620000678	1372637976	41.171652	-8.604306
1372637721620000678	1372637991	41.174235	-8.610039
1372637721620000678	1372638006	41.174091	-8.616798
1372637721620000678	1372638021	41.173263	-8.624547
1372637721620000678	1372638036	41.172066	-8.632116
1372637721620000678	1372638051	41.170023	-8.638398
1372637721620000678	1372638066	41.167179	-8.642403
1372637721620000678	1372638081	41.167575	-8.642862
1372637721620000678	1372638096	41.165235	-8.639775
1372637721620000678	1372638111	41.164074	-8.635716
1372637721620000678	1372638126	41.162364	-8.632791
1372637721620000678	1372638141	41.162148	-8.632683
1372637721620000678	1372638156	41.160834	-8.631585
1372637721620000678	1372638171	41.158503	-8.629992
1372637721620000678	1372638186	41.156964	-8.62893
1372637721620000678	1372638201	41.157405	-8.628066
1372637721620000678	1372638216	41.157477	-8.628084
1372637721620000678	1372638231	41.157468	-8.628102
1372637721620000678	1372638246	41.157486	-8.628102
1372637721620000678	1372638261	41.157522	-8.628102
1372637721620000678	1372638276	41.157612	-8.628129
1372637721620000678	1372638291	41.157648	-8.628165
1372637721620000678	1372638306	41.157675	-8.628165
1372637721620000678	1372638321	41.157765	-8.628165
1372637721620000678	1372638336	41.157864	-8.628183
1372637721620000678	1372638351	41.157909	-8.628228
1372637721620000678	1372638366	41.157855	-8.628201
1372637721620000678	1372638381	41.157765	-8.628192
1372637721620000678	1372638396	41.157657	-8.628192
1372637721620000678	1372638411	41.157648	-8.628201
1372637721620000678	1372638426	41.157711	-8.62821
1372637721620000678	1372638441	41.157684	-8.628219
1372637721620000678	1372638456	41.157648	-8.62821
1372637721620000678	1372638471	41.157558	-8.628246
1372637721620000678	1372638486	41.15754	-8.628255
1372638361620000154	1372638361	41.158368	-8.628084
1372638361620000154	1372638376	41.158368	-8.627886
1372638361620000154	1372638391	41.159106	-8.62884
1372638361620000154	1372638406	41.161014	-8.628255
1372638361620000154	1372638421	41.162958	-8.627625
1372638361620000154	1372638436	41.163381	-8.627499
1372638361620000154	1372638451	41.163372	-8.627499
1372638361620000154	1372638466	41.163354	-8.627517
1372638361620000154	1372638481	41.163354	-8.627526
1372638361620000154	1372638496	41.163381	-8.627508
1372638361620000154	1372638511	41.164173	-8.627256
1372638361620000154	1372638526	41.164551	-8.627139
1372638361620000154	1372638541	41.164956	-8.628669
1372638361620000154	1372638556	41.164704	-8.631675
1372638361620000154	1372638571	41.163678	-8.633961
1372638361620000154	1372638586	41.164236	-8.636094
1372638361620000154	1372638601	41.164434	-8.636589
1372638361620000154	1372638616	41.164857	-8.63874
1372638361620000154	1372638631	41.165073	-8.640108
1372638361620000154	1372638646	41.165109	-8.642241
1372638361620000154	1372638661	41.165154	-8.642448
1372638361620000154	1372638676	41.165163	-8.642673
1372638361620000154	1372638691	41.163804	-8.643177
1372638361620000154	1372638706	41.162265	-8.643726
1372638361620000154	1372638721	41.162517	-8.645445
1372638361620000154	1372638736	41.163435	-8.645769
1372638361620000154	1372638751	41.164461	-8.645418
1372638361620000154	1372638766	41.164569	-8.645418
1372638361620000154	1372638781	41.164578	-8.645436
1372638851620000406	1372638851	41.160996	-8.628885
1372638851620000406	1372638866	41.161032	-8.628759
1372638851620000406	1372638881	41.160978	-8.628669
1372638851620000406	1372638896	41.160942	-8.628696
1372638851620000406	1372638911	41.160897	-8.628615
1372638851620000406	1372638926	41.159799	-8.628696
1372638851620000406	1372638941	41.15889	-8.629227
1372638851620000406	1372638956	41.158899	-8.629326
1372638851620000406	1372638971	41.158809	-8.629551
1372638851620000406	1372638986	41.157882	-8.630253
1372638851620000406	1372639001	41.157018	-8.628813
1372638851620000406	1372639016	41.155929	-8.627706
1372638851620000406	1372639031	41.15403	-8.626626
1372638851620000406	1372639046	41.152797	-8.62623
1372638851620000406	1372639061	41.152815	-8.626248
1372638851620000406	1372639076	41.152617	-8.626185
1372638851620000406	1372639091	41.151105	-8.625852
1372638851620000406	1372639106	41.149062	-8.625564
1372638851620000406	1372639121	41.148909	-8.625519
1372638851620000406	1372639136	41.148828	-8.625474
1372638851620000406	1372639151	41.148225	-8.624277
1372638851620000406	1372639166	41.147577	-8.621883
1372638851620000406	1372639181	41.146866	-8.620326
1372638851620000406	1372639196	41.146164	-8.619201
1372638851620000406	1372639211	41.146191	-8.617644
1372638851620000406	1372639226	41.144967	-8.617302
1372638851620000406	1372639241	41.145435	-8.615736
1372638851620000406	1372639256	41.145867	-8.613774
1372638851620000406	1372639271	41.146011	-8.612037
1372638851620000406	1372639286	41.146119	-8.611164
1372638851620000406	1372639301	41.145489	-8.610894
1372638851620000406	1372639316	41.144463	-8.610723
1372638851620000406	1372639331	41.143464	-8.610399
1372638851620000406	1372639346	41.143437	-8.610399
1372638851620000406	1372639361	41.143257	-8.609238
1372638851620000406	1372639376	41.143167	-8.608518
1372638851620000406	1372639391	41.142789	-8.607834
1372638851620000406	1372639406	41.142546	-8.6058
1372638851620000406	1372639421	41.14395	-8.604972
1372638851620000406	1372639436	41.144634	-8.606682
1372638851620000406	1372639451	41.145651	-8.607429
1372638851620000406	1372639466	41.145894	-8.607249
1372638851620000406	1372639481	41.146182	-8.60715
1372638851620000406	1372639496	41.146263	-8.607096
1372638851620000406	1372639511	41.146245	-8.60706
1372638851620000406	1372639526	41.146227	-8.607033
1372638851620000406	1372639541	41.146227	-8.607132
1372638851620000406	1372639556	41.146263	-8.607051
1372639364620000015	1372639364	41.157738	-8.628336
1372639364620000015	1372639379	41.157765	-8.628336
1372639364620000015	1372639394	41.157819	-8.628057
1372639364620000015	1372639409	41.157999	-8.627931
1372639364620000015	1372639424	41.158881	-8.62875
1372639364620000015	1372639439	41.160303	-8.62848
1372639364620000015	1372639454	41.162283	-8.627832
1372639364620000015	1372639469	41.1633	-8.62749
1372639364620000015	1372639484	41.163291	-8.627472
1372639364620000015	1372639499	41.1633	-8.627445
1372639364620000015	1372639514	41.164146	-8.62722
1372639364620000015	1372639529	41.164452	-8.627103
1372639364620000015	1372639544	41.164443	-8.627112
1372639364620000015	1372639559	41.164443	-8.627103
1372639364620000015	1372639574	41.164479	-8.627103
1372639364620000015	1372639589	41.165649	-8.62677
1372639364620000015	1372639604	41.166576	-8.626455
1372639364620000015	1372639619	41.166558	-8.626464
1372639364620000015	1372639634	41.166576	-8.626464
1372639364620000015	1372639649	41.166621	-8.626446
1372639364620000015	1372639664	41.167809	-8.626491
1372639364620000015	1372639679	41.169447	-8.626914
1372639364620000015	1372639694	41.169861	-8.626257
1372639364620000015	1372639709	41.170194	-8.625816
1372639364620000015	1372639724	41.171616	-8.626122
1372639364620000015	1372639739	41.173209	-8.626599
1372639364620000015	1372639754	41.173668	-8.626239
1372639364620000015	1372639769	41.174334	-8.626104
1372639364620000015	1372639784	41.174532	-8.626356
1372639364620000015	1372639799	41.174505	-8.626365
1372639364620000015	1372639814	41.174496	-8.626347
1372639364620000015	1372639829	41.174487	-8.626302
1372639364620000015	1372639844	41.174487	-8.626275
1372639364620000015	1372639859	41.174487	-8.626266
1372639364620000015	1372639874	41.174487	-8.626248
1372639364620000015	1372639889	41.174496	-8.626239
1372639364620000015	1372639904	41.174505	-8.62623
1372639364620000015	1372639919	41.174505	-8.626239
1372639364620000015	1372639934	41.174505	-8.62623
1372639364620000015	1372639949	41.174505	-8.62623
1372639364620000015	1372639964	41.174514	-8.62623
1372639364620000015	1372639979	41.174514	-8.62623
1372639441620000012	1372639441	41.157711	-8.628201
1372639441620000012	1372639456	41.157792	-8.62803
1372639441620000012	1372639471	41.158602	-8.628246
1372639441620000012	1372639486	41.159493	-8.628768
1372639441620000012	1372639501	41.161239	-8.628192
1372639441620000012	1372639516	41.163147	-8.627562
1372639441620000012	1372639531	41.164479	-8.627175
1372639441620000012	1372639546	41.164461	-8.627175
1372639441620000012	1372639561	41.164461	-8.627184
1372639441620000012	1372639576	41.164677	-8.627202
1372639441620000012	1372639591	41.164974	-8.629011
1372639441620000012	1372639606	41.16492	-8.631153
1372639441620000012	1372639621	41.164128	-8.632863
1372639441620000012	1372639636	41.17059	-8.637588
1372639441620000012	1372639651	41.168628	-8.640621
1372639441620000012	1372639666	41.163867	-8.634906
1372639441620000012	1372639681	41.16438	-8.636589
1372639441620000012	1372639696	41.164695	-8.638515
1372639441620000012	1372639711	41.165874	-8.640522
1372639441620000012	1372639726	41.167737	-8.642754
1372639441620000012	1372639741	41.170563	-8.646201
1372639441620000012	1372639756	41.174109	-8.650521
1372639441620000012	1372639771	41.177079	-8.654067
1372639441620000012	1372639786	41.178636	-8.655759
1372639441620000012	1372639801	41.180067	-8.657217
1372639441620000012	1372639816	41.181102	-8.658675
1372639441620000012	1372639831	41.182614	-8.660376
1372639441620000012	1372639846	41.18454	-8.661771
1372639441620000012	1372639861	41.185647	-8.661465
1372639441620000012	1372639876	41.186646	-8.660061
1372639441620000012	1372639891	41.188527	-8.660493
1372639441620000012	1372639906	41.189931	-8.661906
1372639441620000012	1372639921	41.191254	-8.662212
1372639441620000012	1372639936	41.191992	-8.662356
1372639441620000012	1372639951	41.192964	-8.662743
1372639441620000012	1372639966	41.194323	-8.661735
1372639441620000012	1372639981	41.195997	-8.660673
1372639441620000012	1372639996	41.197941	-8.660691
1372639441620000012	1372640011	41.19921	-8.658855
1372639441620000012	1372640026	41.199534	-8.657307
1372639441620000012	1372640041	41.200344	-8.656101
1372639441620000012	1372640056	41.199885	-8.653374
1372639441620000012	1372640071	41.200389	-8.65161
1372639441620000012	1372640086	41.201244	-8.649612
1372639441620000012	1372640101	41.201316	-8.64891
1372639441620000012	1372640116	41.201334	-8.648937
1372639441620000012	1372640131	41.201361	-8.648955
1372639857620000089	1372639857	41.162022	-8.652933
1372639857620000089	1372639872	41.162139	-8.65368
1372639857620000089	1372639887	41.162319	-8.655183
1372639857620000089	1372639902	41.161968	-8.654319
1372639857620000089	1372639917	41.161536	-8.651502
1372639857620000089	1372639932	41.160924	-8.647695
1372639857620000089	1372639947	41.160546	-8.645634
1372639857620000089	1372639962	41.160321	-8.644212
1372639857620000089	1372639977	41.160276	-8.644275
1372639857620000089	1372639992	41.160249	-8.644239
1372639857620000089	1372640007	41.160132	-8.643501
1372639857620000089	1372640022	41.160015	-8.642322
1372639857620000089	1372640037	41.159808	-8.641368
1372639857620000089	1372640052	41.15943	-8.638218
1372639857620000089	1372640067	41.158818	-8.634699
1372639857620000089	1372640082	41.158107	-8.632548
1372639857620000089	1372640097	41.15655	-8.631324
1372639857620000089	1372640112	41.157189	-8.630082
1372639857620000089	1372640127	41.15727	-8.627679
1372639857620000089	1372640142	41.157225	-8.62533
1372639857620000089	1372640157	41.157189	-8.625051
1372639857620000089	1372640172	41.155947	-8.625303
1372639857620000089	1372640187	41.155452	-8.623962
1372639857620000089	1372640202	41.155893	-8.621352
1372639857620000089	1372640217	41.154966	-8.618679
1372639857620000089	1372640232	41.154408	-8.615358
1372639857620000089	1372640247	41.15394	-8.613216
1372639857620000089	1372640262	41.153724	-8.613297
1372639857620000089	1372640277	41.153589	-8.613144
1372639857620000089	1372640292	41.153427	-8.609508
1372639857620000089	1372640307	41.153472	-8.606772
1372639857620000089	1372640322	41.153427	-8.606574
1372639857620000089	1372640337	41.153463	-8.605368
1372639857620000089	1372640352	41.152923	-8.604756
1372639857620000089	1372640367	41.151915	-8.605017
1372640338620000423	1372640338	41.157459	-8.628201
1372640338620000423	1372640353	41.157531	-8.627373
1372640338620000423	1372640368	41.157198	-8.62515
1372640338620000423	1372640383	41.156982	-8.624871
1372640338620000423	1372640398	41.156991	-8.624952
1372640338620000423	1372640413	41.156946	-8.625069
1372640338620000423	1372640428	41.156685	-8.62515
1372640338620000423	1372640443	41.155569	-8.625249
1372640338620000423	1372640458	41.155767	-8.623215
1372640338620000423	1372640473	41.155767	-8.621118
1372640338620000423	1372640488	41.155119	-8.618454
1372640338620000423	1372640503	41.154534	-8.615214
1372640338620000423	1372640518	41.153886	-8.613279
1372640338620000423	1372640533	41.15358	-8.611551
1372640338620000423	1372640548	41.15349	-8.610282
1372640338620000423	1372640563	41.15349	-8.6103
1372640338620000423	1372640578	41.153211	-8.610084
1372640338620000423	1372640593	41.152104	-8.610093
1372640338620000423	1372640608	41.152014	-8.610039
1372640338620000423	1372640623	41.151978	-8.610003
1372640338620000423	1372640638	41.151195	-8.610561
1372640338620000423	1372640653	41.149746	-8.611182
1372640338620000423	1372640668	41.147703	-8.611344
1372640338620000423	1372640683	41.14611	-8.611425
1372640338620000423	1372640698	41.145534	-8.610885
1372640338620000423	1372640713	41.14485	-8.610849
1372640338620000423	1372640728	41.143788	-8.610543
1372640338620000423	1372640743	41.14314	-8.610687
1372640338620000423	1372640758	41.143428	-8.610948
1372640338620000423	1372640773	41.143662	-8.611056
1372640338620000423	1372640788	41.143383	-8.61147
1372640338620000423	1372640803	41.143419	-8.611947
1372640338620000423	1372640818	41.143248	-8.612424
1372640338620000423	1372640833	41.143167	-8.612595
1372640338620000423	1372640848	41.143185	-8.612946
1372640338620000423	1372640863	41.142969	-8.613162
1372640338620000423	1372640878	41.142807	-8.613486
1372640338620000423	1372640893	41.142762	-8.613639
1372640338620000423	1372640908	41.142726	-8.613729
1372640338620000423	1372640923	41.142735	-8.613738
1372640338620000423	1372640938	41.142843	-8.613729
1372640338620000423	1372640953	41.142879	-8.61372
1372640338620000423	1372640968	41.142717	-8.613783
1372640338620000423	1372640983	41.142744	-8.613765
1372640338620000423	1372640998	41.142672	-8.613783
1372640338620000423	1372641013	41.142699	-8.613765
1372640338620000423	1372641028	41.142708	-8.613756
1372640338620000423	1372641043	41.142753	-8.613747
1372640338620000423	1372641058	41.142744	-8.613765
1372641197620000653	1372641197	41.157459	-8.628354
1372641197620000653	1372641212	41.157585	-8.628237
1372641197620000653	1372641227	41.157432	-8.626545
1372641197620000653	1372641242	41.15718	-8.62506
1372641197620000653	1372641257	41.157171	-8.625033
1372641197620000653	1372641272	41.156712	-8.625024
1372641197620000653	1372641287	41.155596	-8.625231
1372641197620000653	1372641302	41.155686	-8.623476
1372641197620000653	1372641317	41.156001	-8.621541
1372641197620000653	1372641332	41.155344	-8.619669
1372641197620000653	1372641347	41.155236	-8.619183
1372641197620000653	1372641362	41.155236	-8.619174
1372641197620000653	1372641377	41.154669	-8.619003
1372641197620000653	1372641392	41.15286	-8.618256
1372641197620000653	1372641407	41.151546	-8.61759
1372641197620000653	1372641422	41.151042	-8.617356
1372641197620000653	1372641437	41.150115	-8.616969
1372641197620000653	1372641452	41.149647	-8.616717
1372641197620000653	1372641467	41.149566	-8.616555
1372641197620000653	1372641482	41.149782	-8.615898
1372641197620000653	1372641497	41.149908	-8.615097
1372641197620000653	1372641512	41.14989	-8.615061
1372641197620000653	1372641527	41.149863	-8.615061
1372641197620000653	1372641542	41.149998	-8.614773
1372641991620000231	1372641991	41.157486	-8.628363
1372641991620000231	1372642006	41.157621	-8.626707
1372641991620000231	1372642021	41.157054	-8.624898
1372641991620000231	1372642036	41.155614	-8.625249
1372641991620000231	1372642051	41.155812	-8.622882
1372641991620000231	1372642066	41.155587	-8.620677
1372641991620000231	1372642081	41.155029	-8.617878
1372641991620000231	1372642096	41.154417	-8.614629
1372641991620000231	1372642111	41.153895	-8.613333
1372641991620000231	1372642126	41.153841	-8.613324
1372641991620000231	1372642141	41.153607	-8.611362
1372641991620000231	1372642156	41.153562	-8.608437
1372642071620000305	1372642071	41.165604	-8.64513
1372642071620000305	1372642086	41.163471	-8.648802
1372642071620000305	1372642101	41.159547	-8.648397
1372642071620000305	1372642116	41.15574	-8.645652
1372642071620000305	1372642131	41.152068	-8.643294
1372642071620000305	1372642146	41.148549	-8.640648
1372642071620000305	1372642161	41.144778	-8.639766
1372642071620000305	1372642176	41.143194	-8.640873
1372642071620000305	1372642191	41.14476	-8.641575
1372642071620000305	1372642206	41.144922	-8.638299
1372642071620000305	1372642221	41.142852	-8.635968
1372642071620000305	1372642236	41.140854	-8.634906
1372642071620000305	1372642251	41.141592	-8.635581
1372642071620000305	1372642266	41.141583	-8.636049
1372642071620000305	1372642281	41.141565	-8.636013
1372642071620000305	1372642296	41.141565	-8.635977
1372642071620000305	1372642311	41.141556	-8.635959
1372642071620000305	1372642326	41.141592	-8.635554
1372642071620000305	1372642341	41.142438	-8.635869
1372642071620000305	1372642356	41.143383	-8.63703
1372642071620000305	1372642371	41.143068	-8.638569
1372642071620000305	1372642386	41.141745	-8.638452
1372642071620000305	1372642401	41.140278	-8.637669
1372642071620000305	1372642416	41.140224	-8.636346
1372642071620000305	1372642431	41.140899	-8.634609
1372642071620000305	1372642446	41.140512	-8.633502
1372642071620000305	1372642461	41.141502	-8.63478
1372642071620000305	1372642476	41.143482	-8.63631
1372642071620000305	1372642491	41.143536	-8.638371
1372642071620000305	1372642506	41.14476	-8.639595
1372642071620000305	1372642521	41.147091	-8.640162
1372642071620000305	1372642536	41.149791	-8.640819
1372642071620000305	1372642551	41.151168	-8.63919
1372642071620000305	1372642566	41.15097	-8.636391
1372642071620000305	1372642581	41.151123	-8.633574
1372642071620000305	1372642596	41.152419	-8.632503
1372642071620000305	1372642611	41.153616	-8.632098
1372642071620000305	1372642626	41.154687	-8.630892
1372642071620000305	1372642641	41.155551	-8.629614
1372642071620000305	1372642656	41.155236	-8.628597
1372642071620000305	1372642671	41.155722	-8.627796
1372642071620000305	1372642686	41.156685	-8.628363
1372642071620000305	1372642701	41.157198	-8.628426
1372642071620000305	1372642716	41.157756	-8.627976
1372642071620000305	1372642731	41.158539	-8.627526
1372642071620000305	1372642746	41.159484	-8.62569
1372642071620000305	1372642761	41.160204	-8.623458
1372642071620000305	1372642776	41.160276	-8.621505
1372642071620000305	1372642791	41.160969	-8.621001
1372642071620000305	1372642806	41.161788	-8.620128
1372642071620000305	1372642821	41.162517	-8.618733
1372642071620000305	1372642836	41.162418	-8.616843
1372642071620000305	1372642851	41.16222	-8.61534
1372642071620000305	1372642866	41.161878	-8.613
1372642071620000305	1372642881	41.161599	-8.610525
1372642071620000305	1372642896	41.161149	-8.608005
1372642071620000305	1372642911	41.160654	-8.605314
1372642071620000305	1372642926	41.159988	-8.602983
1372642071620000305	1372642941	41.159412	-8.601012
1372642071620000305	1372642956	41.158836	-8.598861
1372642071620000305	1372642971	41.157918	-8.598906
1372642071620000305	1372642986	41.157729	-8.599689
1372642071620000305	1372643001	41.157936	-8.600481
1372642071620000305	1372643016	41.157918	-8.600535
1372642071620000305	1372643031	41.1579	-8.600562
1372642706620000653	1372642706	41.157378	-8.628327
1372642706620000653	1372642721	41.157801	-8.627994
1372642706620000653	1372642736	41.158782	-8.627004
1372642706620000653	1372642751	41.159772	-8.624853
1372642706620000653	1372642766	41.160456	-8.622684
1372642706620000653	1372642781	41.160348	-8.621127
1372642706620000653	1372642796	41.16159	-8.620965
1372642706620000653	1372642811	41.162616	-8.620812
1372642706620000653	1372642826	41.163588	-8.620713
1372642706620000653	1372642841	41.163786	-8.620686
1372642706620000653	1372642856	41.163777	-8.620695
1372642706620000653	1372642871	41.163759	-8.620713
1372642706620000653	1372642886	41.16402	-8.621532
1372642706620000653	1372642901	41.164191	-8.623035
1372642706620000653	1372642916	41.164209	-8.623071
1372642706620000653	1372642931	41.164209	-8.623071
1372643415620000653	1372643415	41.15736	-8.628453
1372643415620000653	1372643430	41.157702	-8.628165
1372643415620000653	1372643445	41.159025	-8.628894
1372643415620000653	1372643460	41.161041	-8.6283
1372643415620000653	1372643475	41.163201	-8.627553
1372643415620000653	1372643490	41.163444	-8.627472
1372643415620000653	1372643505	41.164038	-8.627301
1372643415620000653	1372643520	41.164578	-8.627112
1372643415620000653	1372643535	41.164551	-8.627121
1372643415620000653	1372643550	41.165631	-8.626797
1372643415620000653	1372643565	41.167836	-8.626518
1372643415620000653	1372643580	41.169825	-8.626896
1372643415620000653	1372643595	41.170086	-8.62578
1372643415620000653	1372643610	41.171985	-8.626203
1372643415620000653	1372643625	41.174307	-8.627229
1372643415620000653	1372643640	41.175378	-8.62767
1372643415620000653	1372643655	41.175396	-8.62767
1372643415620000653	1372643670	41.175549	-8.627706
1372643415620000653	1372643685	41.175846	-8.628768
1372643415620000653	1372643700	41.175639	-8.630469
1372643415620000653	1372643715	41.175378	-8.63226
1372643415620000653	1372643730	41.175522	-8.634033
1372643415620000653	1372643745	41.175585	-8.634726
1372643415620000653	1372643760	41.175693	-8.635716
1372643415620000653	1372643775	41.175846	-8.63721
1372643415620000653	1372643790	41.17482	-8.63694
1372643415620000653	1372643805	41.173488	-8.637138
1372643415620000653	1372643820	41.17311	-8.638992
1372643415620000653	1372643835	41.172849	-8.64045
1372643415620000653	1372643850	41.173497	-8.642268
1372643415620000653	1372643865	41.17509	-8.643987
1372643415620000653	1372643880	41.176386	-8.644896
1372643415620000653	1372643895	41.177322	-8.644311
1372643415620000653	1372643910	41.178411	-8.645229
1372643415620000653	1372643925	41.178681	-8.645445
1372643415620000653	1372643940	41.178672	-8.645436
1372643415620000653	1372643955	41.178681	-8.645436
1372643415620000653	1372643970	41.178681	-8.645445
1372643415620000653	1372643985	41.178771	-8.645598
1372643825620000569	1372643825	41.153634	-8.610381
1372643825620000569	1372643840	41.153607	-8.610417
1372643825620000569	1372643855	41.15367	-8.610444
1372643825620000569	1372643870	41.153715	-8.610462
1372643825620000569	1372643885	41.153598	-8.610525
1372643825620000569	1372643900	41.153562	-8.610561
1372643825620000569	1372643915	41.153589	-8.611938
1372643825620000569	1372643930	41.154435	-8.612073
1372643825620000569	1372643945	41.155137	-8.613063
1372643825620000569	1372643960	41.155695	-8.614989
1372643825620000569	1372643975	41.1561	-8.617653
1372643825620000569	1372643990	41.156109	-8.618013
1372643825620000569	1372644005	41.156613	-8.619903
1372643825620000569	1372644020	41.156901	-8.622207
1372643825620000569	1372644035	41.157252	-8.62452
1372643825620000569	1372644050	41.157666	-8.627247
1372643825620000569	1372644065	41.158152	-8.627976
1372643825620000569	1372644080	41.158827	-8.629506
1372643825620000569	1372644095	41.157297	-8.63037
1372643825620000569	1372644110	41.157072	-8.631864
1372643825620000569	1372644125	41.158593	-8.63325
1372643825620000569	1372644140	41.159079	-8.635257
1372643825620000569	1372644155	41.15907	-8.635599
1372643825620000569	1372644170	41.159061	-8.63568
1372643825620000569	1372644185	41.159403	-8.636886
1372643825620000569	1372644200	41.159619	-8.638794
1372643825620000569	1372644215	41.159439	-8.638902
1372643825620000569	1372644230	41.159142	-8.638632
1372643825620000569	1372644245	41.159061	-8.638551
1372643825620000569	1372644260	41.159097	-8.638479
1372643825620000569	1372644275	41.159196	-8.638434
1372643825620000569	1372644290	41.159214	-8.638416
1372643825620000569	1372644305	41.159421	-8.638533
1372643825620000569	1372644320	41.159367	-8.637498
1372646982620000600	1372646982	41.147028	-8.61399
1372646982620000600	1372646997	41.147577	-8.613459
1372646982620000600	1372647012	41.148252	-8.613045
1372646982620000600	1372647027	41.14836	-8.614278
1372646982620000600	1372647042	41.147406	-8.614827
1372646982620000600	1372647057	41.14728	-8.615349
1372646982620000600	1372647072	41.147289	-8.617077
1372646982620000600	1372647087	41.147919	-8.618112
1372646982620000600	1372647102	41.148684	-8.619327
1372646982620000600	1372647117	41.148216	-8.619732
1372646982620000600	1372647132	41.147838	-8.620038
1372646982620000600	1372647147	41.147424	-8.620488
1372646982620000600	1372647162	41.147478	-8.621343
1372646982620000600	1372647177	41.148018	-8.623386
1372646982620000600	1372647192	41.148603	-8.624916
1372646982620000600	1372647207	41.148702	-8.625249
1372646982620000600	1372647222	41.150448	-8.625816
1372646982620000600	1372647237	41.152608	-8.626131
1372646982620000600	1372647252	41.154939	-8.626923
1372646982620000600	1372647267	41.156739	-8.628282
1372646982620000600	1372647282	41.156856	-8.628372
1372646982620000600	1372647297	41.156991	-8.628507
1372646982620000600	1372647312	41.157594	-8.627958
1372646982620000600	1372647327	41.158485	-8.628381
1372646982620000600	1372647342	41.158215	-8.630253
1372646982620000600	1372647357	41.157171	-8.630604
1372646982620000600	1372647372	41.157405	-8.632116
1372646982620000600	1372647387	41.158692	-8.633376
1372646982620000600	1372647402	41.159079	-8.635347
1372646982620000600	1372647417	41.159124	-8.635761
1372646982620000600	1372647432	41.159583	-8.638056
1372646982620000600	1372647447	41.159907	-8.640495
1372646982620000600	1372647462	41.159934	-8.640567
1372646982620000600	1372647477	41.160069	-8.641287
1372646982620000600	1372647492	41.160717	-8.641278
1372646982620000600	1372647507	41.161158	-8.640522
1372646982620000600	1372647522	41.161095	-8.640612
1372646982620000600	1372647537	41.161149	-8.640738
1372646982620000600	1372647552	41.161185	-8.640765
1372646982620000600	1372647567	41.161203	-8.640837
1372646982620000600	1372647582	41.161185	-8.6409
1372646982620000600	1372647597	41.161194	-8.640873
1372646982620000600	1372647612	41.161122	-8.640855
1372646982620000600	1372647627	41.161077	-8.640918
1372646982620000600	1372647642	41.161086	-8.640837
1372646982620000600	1372647657	41.161185	-8.64072
1372646982620000600	1372647672	41.161212	-8.640711
1372646982620000600	1372647687	41.161176	-8.640729
1372646982620000600	1372647702	41.16114	-8.640783
1372646982620000600	1372647717	41.161104	-8.640774
1372646982620000600	1372647732	41.161113	-8.640765
1372646982620000600	1372647747	41.161068	-8.640765
1372646982620000600	1372647762	41.161077	-8.640711
1372646982620000600	1372647777	41.161113	-8.640792
1372646982620000600	1372647792	41.161149	-8.640846
1372646982620000600	1372647807	41.161167	-8.641035
1372646982620000600	1372647822	41.161176	-8.641161
1372646982620000600	1372647837	41.161914	-8.640117
1372646982620000600	1372647852	41.162715	-8.639028
1372646982620000600	1372647867	41.16195	-8.637975
1372646982620000600	1372647882	41.161851	-8.637831
1372646982620000600	1372647897	41.161167	-8.639253
1372646982620000600	1372647912	41.160357	-8.641233
1372646982620000600	1372647927	41.160438	-8.643276
1372646982620000600	1372647942	41.160537	-8.643771
1372646982620000600	1372647957	41.161545	-8.643762
1372646982620000600	1372647972	41.1624	-8.644428
1372648688620000308	1372648688	41.154066	-8.613252
1372648688620000308	1372648703	41.153751	-8.612253
1372648688620000308	1372648718	41.154975	-8.612136
1372648688620000308	1372648733	41.155461	-8.614323
1372648688620000308	1372648748	41.156073	-8.617104
1372648688620000308	1372648763	41.15646	-8.61993
1372648688620000308	1372648778	41.156847	-8.622621
1372648688620000308	1372648793	41.157351	-8.625393
1372648688620000308	1372648808	41.157756	-8.627832
1372648688620000308	1372648823	41.158404	-8.628102
1372648688620000308	1372648838	41.158575	-8.629956
1372648688620000308	1372648853	41.15736	-8.630244
1372648688620000308	1372648868	41.156793	-8.631324
1372648688620000308	1372648883	41.157774	-8.632476
1372648688620000308	1372648898	41.158665	-8.633331
1372648688620000308	1372648913	41.159016	-8.63514
1372648688620000308	1372648928	41.159061	-8.635581
1372648688620000308	1372648943	41.159025	-8.63568
1372648688620000308	1372648958	41.159934	-8.635995
1372648688620000308	1372648973	41.160546	-8.636409
1372648688620000308	1372648988	41.160555	-8.636454
1372648688620000308	1372649003	41.16105	-8.636922
1372649313620000231	1372649313	41.157324	-8.628093
1372649313620000231	1372649328	41.158503	-8.628147
1372649313620000231	1372649343	41.158386	-8.630118
1372649313620000231	1372649358	41.157081	-8.629695
1372649313620000231	1372649373	41.155578	-8.629857